Country;Predicted;Rainbow Map
Albania;47.68200000000001;35.449999999999996
Andorra;5.922000000000001;42.99999999999999
Armenia;22.083000000000006;9.16
Austria;51.34400000000001;53.98369999999999
Azerbaijan;56.543000000000006;2.25
