Country;Predicted;Rainbow Map
Albania;47.68200000000001;35.449999999999996
