Country;Predicted;Rainbow Map
Albania;47.68200000000001;35.449999999999996
Andorra;5.922000000000001;42.99999999999999
