Country;Predicted;Real;Error;Equality & non-discrimination;Family;Hate crime & hate speech;Legal gender recognition;Intersex bodily integrity;Civil society space;Asylum
Ireland;65.69;62.839999999999996;39.629999999999995;19.980000000000004;13.75;10.020000000000001;10.239999999999998;3.6;3.3;4.8
Malta;65.69;86.08000000000001;39.45;19.980000000000004;13.75;10.020000000000001;10.239999999999998;3.6;3.3;4.8
United Kingdom;65.69;42.9;49.03;19.980000000000004;13.75;10.020000000000001;10.239999999999998;3.6;3.3;4.8
