Country;Predicted;Real;Error
Ireland;64.64000000000001;62.839999999999996;30.600000000000005
Malta;64.64000000000001;88.83000000000003;29.0
United Kingdom;64.64000000000001;45.64999999999999;37.900000000000006
