Country;country_id;statistics;pvalue
Ireland;IE;532.5;0.31061853797356676
Malta;MT;198.5;0.002640024363195607
United Kingdom;GB;391.5;0.004118653143239593
