Country;Predicted;Rainbow Map
Albania;50.54600000000001;35.449999999999996
Andorra;0.032;42.99999999999999
Armenia;21.209999999999997;9.16
Austria;51.57000000000002;53.98369999999999
Azerbaijan;55.24700000000001;2.25
Belarus;9.309000000000001;10.16
Belarus;32.724;10.16
Belgium;55.05800000000001;85.31000000000002
Belgium;51.57000000000002;85.31000000000002
Belgium;0.6000000000000001;85.31000000000002
Bosnia & Herzegovina;1.5560000000000003;39.633537000000004
