Country;Predicted;Rainbow Map
Albania;50.54600000000001;35.449999999999996
Andorra;0.032;42.99999999999999
