Country;Predicted;Rainbow Map
Albania;45.79;35.449999999999996
Andorra;56.892;42.99999999999999
