Country;Predicted;Rainbow Map
Albania;45.79;35.449999999999996
Andorra;56.892;42.99999999999999
Armenia;40.25;9.16
Austria;59.721999999999994;53.98369999999999
Azerbaijan;33.730000000000004;2.25
